,name,cpu_processor,graphics_card,ram,harddrive,rating,original_price,current_price,money_saved,discount_percent
0,"Lenovo Legion Pro 5 16"" Gaming Laptop Computer Platinum Collection - Onyx Grey", Intel Core i7 13th Gen 13700HX 1.5GHz Processor, NVIDIA GeForce RTX 4070 8GB GDDR6, 32GB DDR5-4800 RAM, 1TB Solid State Drive,4.8,2019.99,1399.99,620.00,31%
1,"Dell Inspiron 15 3530 15.6"" Laptop Computer - Black", Intel Core i7 13th Gen 1355U 1.2GHz Processor, Intel Iris Xe Graphics, 16GB DDR4-2666 RAM, 512GB Solid State Drive,4.6,749.99,499.99,250.00,33%
2,"Lenovo ThinkPad E16 Gen 1 16"" Laptop Computer - Graphite Black", Intel Core i7 13th Gen 1355U 1.2GHz Processor, Intel Iris Xe Graphics, 16GB DDR4-3200 RAM, 512GB Solid State Drive,,0.00,839.99,0.00,0%
3,"Dell Inspiron 15 3530 15.6"" Laptop Computer - Carbon Black", Intel Core i7 13th Gen 1355U 1.2GHz Processor, Intel Iris Xe Graphics, 16GB DDR4-2666 RAM, 512GB Solid State Drive,4.3,899.99,599.99,300.00,33%
4,"Dell Inspiron 3520 15.6"" Laptop Computer - Carbon Black", Intel Core i5 11th Gen 1155G7 2.5GHz Processor, Intel UHD Graphics, 8GB DDR4-3200 RAM, 512GB Solid State Drive,4.4,509.99,299.99,210.00,41%
5,"Acer Nitro 17 AN17-51-70CB 17.3"" Gaming Laptop Computer Platinum Collection - Black", Intel Core i7 13th Gen 13700H 1.8GHz Processor, NVIDIA GeForce RTX 4060 8GB GDDR6, 16GB DDR5 RAM, 1TB Solid State Drive,4.8,1399.99,999.99,400.00,29%
6,"ASUS TUF 15.6"" FX507ZI-F15.I74070 Gaming Laptop Computer - Mecha Grey", Intel Core i7 12th Gen 12700H 1.7GHz Processor, NVIDIA GeForce RTX 4070 8GB GDDR6, 16GB DDR4-3200 RAM, 1TB Solid State Drive,4.3,1199.99,999.99,200.00,17%
7,"ASUS VivoBook Pro 16X K6604JI-NB96 16"" Laptop Computer - Black", Intel Core i9 13th Gen 13980HX 2.2GHz Processor, NVIDIA GeForce RTX 4070 8GB GDDR6, 16GB DDR5 RAM, 1TB Solid State Drive,5,1329.99,1249.99,80.00,6%
8,"Dell Latitude 5540 15.6"" Laptop Computer - Titan Gray", Intel Core i5 13th Gen 1335U 1.3GHz Processor, Intel Iris Xe Graphics, 16GB DDR4-3200 RAM, 512GB Solid State Drive,4.9,1199.99,899.99,300.00,25%
9,"Apple MacBook Pro MRX43LL/A (Late 2023) 14.2"" Laptop Computer - Space Black", Apple M3 Pro 12-Core CPU, 18-Core GPU, 18GB Unified Memory, 1TB Solid State Drive,4.9,2399.99,2159.99,240.00,10%
10,"Lenovo V15 G4 15.6"" Laptop Computer - Business Black", Intel Core i3 13th Gen 1315U 0.9GHz Processor, Intel UHD Graphics, 16GB DDR4-3200 RAM, 512GB Solid State Drive,4.4,0.00,399.99,0.00,0%
11,"HP ProBook 450 G10 15.6"" Laptop Computer - Pike Silver", Intel Core i7 13th Gen 1355U 1.2GHz Processor, Intel UHD Graphics, 16GB DDR4-3200 RAM, 512GB Solid State Drive,4,0.00,759.99,0.00,0%
12,"Apple MacBook Pro MRW33LL/A (Late 2023) 16.2"" Laptop Computer - Space Black", Apple M3 Max 14-Core CPU, 30-Core GPU, 36GB Unified Memory, 1TB Solid State Drive,4.7,3499.99,3149.99,350.00,10%
13,"Lenovo Legion Pro 7i 16"" Gaming Laptop Computer Platinum Collection - Onyx Grey", Intel Core i9 13th Gen 13900HX 1.6GHz Processor, NVIDIA GeForce RTX 4090 16GB GDDR6, 32GB DDR5-5600 RAM, 1TB Solid State Drive,5,2749.99,2699.99,50.00,2%
14,"HP Elitebook 845 G8 14"" Laptop Computer", AMD Ryzen 5 PRO 5650U 2.3GHz Processor, AMD Radeon Graphics, 16GB RAM, 256GB Solid State Drive,4.8,0.00,349.99,0.00,0%
15,"ASUS TUF Gaming A15 FA507XV-MS94 15.6"" Laptop Computer Platinum Collection - Gray", AMD Ryzen 9 7940HS 4.0GHz Processor, NVIDIA GeForce RTX 4060 8GB GDDR6, 16GB DDR5-4800 RAM, 1TB Solid State Drive,4.8,1399.99,999.99,400.00,29%
16,"HP ProBook 450 G10 15.6"" Laptop Computer", Intel Core i7 13th Gen 1355U 1.2GHz Processor, Intel UHD Graphics, 16GB DDR4-3200 RAM, 1TB Solid State Drive,4.7,1059.99,899.99,160.00,15%
17,"ASUS TUF Gaming A17 FA707XV-MS94 17.3"" Laptop Computer Platinum Collection - Mecha Gray", AMD Ryzen 9 7940HS 4.0GHz Processor, NVIDIA GeForce RTX 4060 8GB GDDR6, 16GB DDR5-4800 RAM, 1TB Solid State Drive,4.9,1499.99,1099.99,400.00,27%
18,"Dell Inspiron 16 5630 16"" Laptop Computer - Platinum Silver", Intel Core i5-1335U 1.3GHz Processor, Intel Iris Xe Graphics, 8GB LPDDR5-4800 Onboard RAM, 512GB Solid State Drive,4.6,839.99,499.99,340.00,40%
19,"Apple MacBook Pro MKGP3LL/A (Late 2021) 14.2"" Laptop Computer (Refurbished) - Space Gray", Apple M1 Pro 8-Core CPU, 14-Core GPU/16-Core Neural Engine, 16GB Unified Memory, 512GB Solid State Drive,4.8,1539.99,1129.99,410.00,27%
20,"Lenovo Legion 5 15ARP8 15.6"" Gaming Laptop Computer - Storm Grey", AMD Ryzen 7 7735HS 3.2GHz Processor, NVIDIA GeForce RTX 4060 8GB GDDR6, 16GB DDR5-4800 RAM, 1TB Solid State Drive,4.5,1129.99,999.99,130.00,12%
21,"MSI Raider GE68HX 14VIG-285US 16"" Gaming Laptop Computer - Black", Intel Core i9 14th Gen 14900HX 1.6GHz Processor, NVIDIA GeForce RTX 4090 16GB GDDR6, 64GB DDR5-5600 RAM, 2TB Solid State Drive,4.5,0.00,3899.99,0.00,0%
22,"ASUS TUF Gaming A15 FA507XU-MS94 15.6"" Laptop Computer Platinum Collection - Gray", AMD Ryzen 9 7940HS 4.0GHz Processor, NIVDIA GeForce RTX 4050 6GB GDDR6, 16GB DDR5-4800 RAM, 1TB Solid State Drive,4.9,1299.99,849.99,450.00,35%
23,"Apple MacBook Pro MRW13LL/A (Late 2023) 16.2"" Laptop Computer - Space Black", Apple M3 Pro 12-Core CPU, 18-Core GPU, 18GB Unified Memory, 512GB Solid State Drive,5,2499.99,2249.99,250.00,10%
24,"MSI Katana 15 B13VEK-277US 15.6"" Gaming Laptop Computer Platinum Collection - Black", Intel Core i7 13th Gen 13620H 1.8GHz Processor, NVIDIA GeForce RTX 4050 6GB GDDR6, 16GB DDR5-4800 RAM, 1TB Solid State Drive,5,1199.99,849.99,350.00,29%
25,"Lenovo IdeaPad 1 14"" Laptop Computer - Cloud Grey", AMD Ryzen 5 5500U 2.1GHz Processor, AMD Radeon 7 Graphics, 8GB DDR4-3200 Onboard RAM, 256GB Solid State Drive,5,419.99,259.99,160.00,38%
26,"ASUS Vivobook 16X F1605VA-MS96 16"" Laptop Computer - Indie Black", Intel Core i9 13th Gen 13900H 1.9GHz Processor, Intel Iris Xe Graphics, 16GB DDR4 RAM, 1TB Solid State Drive,4.8,899.99,699.99,200.00,22%
27,"Apple MacBook Pro Z1AF0019L (Late 2023) 16.2"" Laptop Computer - Space Black", Apple M3 Pro 12-Core CPU, 18-Core GPU, 18GB Unified Memory, 1TB Solid State Drive,4.8,2699.99,2429.99,270.00,10%
28,"Apple MacBook Pro MUW63LL/A (Late 2023) 16.2"" Laptop Computer - Space Black", Apple M3 Max 16-Core CPU, 40-Core GPU, 48GB Unified Memory, 1TB Solid State Drive,4.6,3999.99,3599.99,400.00,10%
29,"HP Victus 15-fa1062nr 15.6"" Gaming Laptop Computer Platinum Collection - Mica Silver", Intel Core i7 13th Gen 13700H 1.8GHz Processor, NVIDIA GeForce RTX 3050 6GB GDDR6, 16GB DDR4-3200 RAM, 1TB Solid State Drive,4.8,1059.99,799.99,260.00,25%
30,"Acer Predator Helios 16 PH16-71-91FL 16.0"" Gaming Laptop Computer - Abyssal Black", Intel Core i9 13th Gen 13900HX 1.6GHz Processor, NVIDIA GeForce RTX 4080 12GB GDDR6, 32GB DDR5-5600 RAM, 2TB Solid State Drive,4.6,2399.99,1999.99,400.00,17%
31,"Acer Aspire 5 15 A515-58M-77RN 15.6"" Laptop Computer - Steel Gray", Intel Core i7 13th Gen 1355U 1.2GHz Processor, Intel Iris Xe Graphics, 16GB LPDDR5 Onboard RAM, 1TB Solid State Drive,5,799.99,579.99,220.00,28%
32,"Apple MacBook Pro Z1AU002AD (Late 2023) 14.2"" Laptop Computer - Space Black", Apple M3 Max 16-Core CPU, 40-Core GPU, 64GB Unified Memory, 2TB Solid State Drive,4.7,4299.99,3869.99,430.00,10%
33,"Lenovo V14 G3 14"" Laptop Computer - Business Black", Intel Core i7 12th Gen 1255U 1.7GHz Processor, Intel Iris Xe Graphics, 16GB DDR4-3200 RAM, 512GB Solid State Drive,4.6,659.99,599.99,60.00,9%
34,"Acer Nitro 16 AN16-41-R62L 16"" Gaming Laptop Computer - Obsidian Black", AMD Ryzen 7 7840HS 3.8GHz Processor, NVIDIA GeForce RTX 4070 8GB GDDR6, 32GB DDR5-5600 RAM, 1TB Solid State Drive,5,1599.99,1249.99,350.00,22%
35,"Acer Aspire 5 Spin A5SP14-51MTN-74SB 14"" 2-in-1 Laptop Computer - Steel Gray", Intel Core i7 13th Gen 1355U 1.2GHz Processor, Intel Iris Xe Graphics, 16GB LPDDR5 Onboard RAM, 1TB Solid State Drive,5,849.99,649.99,200.00,24%
36,"MSI Titan 18 HX A14VIG-088US 18"" Gaming Laptop Computer - Core Black", Intel Core i9 14th Gen 14900HX 1.6GHz Processor, NVIDIA GeForce RTX 4090 16GB GDDR6, 64GB DDR5-5600 RAM, 2x 2TB Solid State Drive,5,4999.99,4699.99,300.00,6%
37,"Lenovo IdeaPad Flex 5i 16"" 2-in-1 Laptop Computer - Arctic Grey", Intel Core i7 13th Gen 1355U 1.2GHz Processor, Intel Iris Xe Graphics, 16GB LPDDR4x-4266 Onboard RAM, 1TB Solid State Drive,4.1,1129.99,899.99,230.00,20%
38,"MSI Thin GF63-12UCX-814US 15.6"" Gaming Laptop Computer - Black", Intel Core i5 12th Gen 12450H 1.5GHz Processor, NVIDIA GeForce RTX 2050 4GB GDDR6, 8GB DDR4-3200 RAM, 512GB Solid State Drive,4.7,699.99,499.99,200.00,29%
39,"Dell Inspiron 16 5635 16.0"" Laptop Computer - Natural Silver", AMD Ryzen 7 7730U 2.0GHz Processor, AMD Radeon Graphics, 16GB LPDDR4X-4266 Onboard RAM, 1TB Solid State Drive,4.5,1049.99,749.99,300.00,29%
40,"Microsoft Surface Laptop Studio 2 14.4"" Intel Evo Platform Computer - Platinum", Intel Core i7 13th Gen 13700H Processor, NVIDIA RTX 2000 Ada 8GB GDDR6, 32GB LPDDR5X RAM, 1TB Solid State Drive,,3599.99,3299.99,300.00,8%
41,"Apple MacBook Pro Z1AU002AC (Late 2023) 14.2"" Laptop Computer - Space Black", Apple M3 Max 16-Core CPU, 40-Core GPU, 64GB Unified Memory, 1TB Solid State Drive,4,3899.99,3509.99,390.00,10%
42,"Apple MacBook Pro MRW73LL/A (Late 2023) 16.2"" Laptop Computer - Silver", Apple M3 Max 14-Core CPU, 30-Core GPU, 36GB Unified Memory, 1TB Solid State Drive,4.9,3499.99,3149.99,350.00,10%
43,"Microsoft Surface Pro 9 13"" 2-in-1 Intel Evo Platform Laptop Computer - Platinum", Intel Core i7 12th Gen 1255U 1.7GHz Processor, Intel Iris Xe Graphics, 32GB LPDDR5 RAM, 1TB Solid State Drive,4.6,0.00,2599.99,0.00,0%
44,"HP OMEN Transcend 16-u0078nr 16"" Gaming Laptop Computer - Shadow Black", Intel Core i7 13th Gen 13700HX 1.5GHz Processor, NVIDIA GeForce RTX 4070 8GB GDDR6, 32GB DDR5-4800 RAM, 1TB Solid State Drive,4.4,2219.99,1499.99,720.00,32%
45,"ASUS Vivobook 15 F1505VA-MS56 15.6"" Laptop Computer - Indie Black", Intel Core i5 13th Gen 13500H 1.9GHz Processor, Intel Iris Xe Graphics, 16GB DDR4 RAM, 1TB Solid State Drive,4.6,799.99,599.99,200.00,25%
46,"ASUS ROG Strix SCAR 16 G634JZ-XS96 16"" Gaming Laptop Computer - Black", Intel Core i9 13th Gen 13980HX 2.2GHz Processor, NVIDIA GeForce RTX 4080 12GB GDDR6, 32GB DDR5-4800 RAM, 1TB Solid State Drive,4.5,2899.99,2399.99,500.00,17%
47,"Lenovo Legion 9 16IRX8 16"" Gaming Laptop Computer - Carbon Black", Intel Core i9 13th Gen 13980HX 2.2GHz Processor, NVIDIA GeForce RTX 4090 16GB GDDR6, 64GB DDR5-5600 RAM, 2x 1TB Solid State Drive (RAID 0),4.8,0.00,4199.99,0.00,0%
48,"Lenovo Yoga 6 13ABR8 13.3"" 2-in-1 Laptop Computer - Dark Teal", AMD Ryzen 5 7530U 2.0GHz Processor, AMD Radeon Graphics, 8GB LPDDR4x-4266 Onboard RAM, 512GB Solid State Drive,4.8,689.99,549.99,140.00,20%
49,"Apple MacBook Pro MRX63LL/A (Late 2023) 14.2"" Laptop Computer - Silver", Apple M3 Pro 11-Core CPU, 14-Core GPU, 18GB Unified Memory, 512GB Solid State Drive,5,1999.99,1799.99,200.00,10%
50,"Dell Alienware m18 R1 AMD 18"" Gaming Laptop Computer - Dark Metallic Moon", AMD Ryzen 9 7945HX 2.5GHz Processor, AMD Radeon RX 7900M 16GB GDDR6, 32GB DDR5-5200 RAM, 1TB Solid State Drive,5,3069.99,2699.99,370.00,12%
51,"Dell G16 7620 16.0"" Gaming Laptop Computer - Obsidian Black", Intel Core i7 12th Gen 12700H 1.7GHz Processor, NVIDIA GeForce RTX 3060 6GB GDDR6, 16GB DDR5-4800 RAM, 1TB Solid State Drive,4.1,989.99,799.99,190.00,19%
52,"Apple MacBook Air 15"" MRYU3LL/A (early 2024) 15.3"" Laptop Computer - Midnight", Apple M3 8-Core CPU, 10-Core GPU/16-Core Neural Engine, 8GB Unified Memory, 256GB Solid State Drive,4.8,1299.99,1169.99,130.00,10%
53,"ASUS Vivobook F1504VA-MS56 15.6"" Laptop Computer - Quiet Blue", Intel Core i5 13th Gen 1335U 1.3GHz Processor, Intel Iris Xe Graphics, 16GB DDR4 RAM, 1TB Solid State Drive,4,669.99,479.99,190.00,28%
54,"HP ZBook Firefly G9 Mobile Workstation 16"" Laptop Computer - Silver", Intel Core i5 12th Gen 1245U 1.6GHz Processor, NVIDIA Quadro T550 4GB GDDR6, 16GB DDR5-4800 RAM, 256GB Solid State Drive,5,1969.99,599.99,1370.00,70%
55,"Apple MacBook Air Z18T000PP (Mid 2023) 15.3"" Laptop Computer - Midnight", Apple M2 8-Core CPU, 10-Core GPU/16-Core Neural Engine, 16GB Unified Memory, 512GB Solid State Drive,4.6,1699.99,1439.99,260.00,15%
56,"Apple MacBook Air Z18R000PR (Mid 2023) 15.3"" Laptop Computer - Starlight", Apple M2 8-Core CPU, 10-Core GPU/16-Core Neural Engine, 16GB Unified Memory, 512GB Solid State Drive,4.2,1699.99,1439.99,260.00,15%
57,"Razer Blade 16 RZ09-0483TEH3-R3U1 16"" Gaming Laptop Computer - Black", Intel Core i9 13th Gen 13950HX 1.6GHz Processor, NVIDIA GeForce RTX 4080 12GB GDDR6, 32GB DDR5-5600 RAM, 1TB Solid State Drive,4,3049.99,2499.99,550.00,18%
58,"Apple MacBook Pro Z1C80001D (Late 2023) 14.2"" Laptop Computer - Space Gray", Apple M3 8-Core CPU, 10-Core GPU, 16GB Unified Memory, 512GB Solid State Drive,4.3,1799.99,1619.99,180.00,10%
59,"Dell Precision 5680 Mobile Workstation 16"" Laptop Computer - Titan Gray", Intel Core i7 13th Gen 13800H 1.8GHz Processor, NVIDIA RTX 2000 Ada 8GB GRRD6, 32GB LPDDR5-6000 RAM, 512GB Solid State Drive,4.6,2939.99,2399.99,540.00,18%
60,"LG gram SuperSlim 15Z90RT Ultra Lightweight OLED 15.6"" Intel Evo Platform Laptop Computer - Neptune Blue", Intel Core i7 13th Gen 1360P 1.6GHz Processor, Intel Iris Xe Graphics, 16GB LPDDR5-6000 RAM, 512GB Solid State Drive,4.3,0.00,999.99,0.00,0%
62,"Apple MacBook Pro Z1AF001AM (Late 2023) 16.2"" Laptop Computer - Space Black", Apple M3 Max 16-Core CPU, 40-Core GPU, 128GB Unified Memory, 2TB Solid State Drive,4.5,5399.99,4859.99,540.00,10%
63,"MSI Raider GE78HX 13VG-020US 17.3"" Gaming Laptop Computer Platinum Collection - Dark Grey", Intel Core i9 13th Gen 13950HX 1.6GHz Processor, NVIDIA GeForce RTX 4070 8GB GDDR6, 32GB DDR5-5600 RAM, 2TB Solid State Drive,5,2599.99,2299.99,300.00,12%
64,"LG gram 17Z90R-A.ADB9U1 17"" Intel Evo Platform Laptop Computer - Obsidian Black", Intel Core i7 13th Gen 1360P 1.6GHz Processor, NVIDIA GeForce RTX 3050 4GB, 32GB LPDDR5-6000 RAM, 2TB Solid State Drive,4.9,2129.99,1799.99,330.00,15%
65,"Dell Latitude 7440 14"" Commercial Laptop Computer", Intel Core i7 13th Gen 1355U 1.2GHz Processor, Intel Iris Xe Graphics, 16GB LPDDR5-4800 Onboard RAM, 512GB Solid State Drive,5,2099.99,1499.99,600.00,29%
66,"Dell Latitude 5540 15.6"" Commercial Laptop Computer", Intel Core i5 13th Gen 1335U 1.3GHz Processor, Intel UHD Graphics, 16GB DDR4-3200 RAM, 256GB Solid State Drive,4.3,1169.99,999.99,170.00,15%
67,"Lenovo ThinkPad P14s Gen 3 Workstation 14"" Laptop Computer - Black", Intel Core i7 12th Gen 1260P 2.1GHz Processor, Intel Iris Xe Graphics, 16GB DDR4-3200 RAM, 512GB Solid State Drive,5,1019.99,899.99,120.00,12%
68,"Apple MacBook Air MLY13LL/A (mid 2022) 13.6"" Laptop Computer - Starlight", Apple M2 8-Core CPU, 8-Core GPU/16-Core Neural Engine, 8GB Unified Memory, 256GB Solid State Drive,4.7,1099.99,899.99,200.00,18%
69,"HP 15-dy5131wm 15.6"" Laptop Computer - Natural Silver", Intel Core i3 12th Gen 1215U 0.9GHz Processor, Intel UHD Graphics, 8GB DDR4-3200 RAM, 256GB Solid State Drive,4.4,399.99,229.99,170.00,43%
70,"Acer Aspire 3 A315-59-569Y 15.6"" Laptop Computer - Pure Silver", Intel Core i5 12th Gen 1235U 1.3GHz Processor, Intel Iris Xe Graphics, 8GB DDR4 RAM, 512GB Solid State Drive,5,449.99,379.99,70.00,16%
71,"HP Pavilion 15-eg3278nr 15.6"" Laptop Computer - Natural Silver", Intel Core i7 13th Gen 1360P 1.6GHz Processor, Intel Iris Xe Graphics, 16GB DDR4-3200 RAM, 1TB Solid State Drive,4.6,1079.99,849.99,230.00,21%
72,"Apple MacBook Pro Z1AF001A8 (Late 2023) 16.2"" Laptop Computer - Space Black", Apple M3 Max 14-Core CPU, 30-Core GPU, 96GB Unified Memory, 2TB Solid State Drive,4.5,4699.99,4229.99,470.00,10%
73,"Microsoft Surface Laptop 5 13.5"" Intel Evo Platform Computer - Black", Intel Core i5 12th Gen 1235U 1.3GHz Processor, Intel Iris Xe Graphics, 8GB LPDDR5x RAM, 512GB Solid State Drive,5,1299.99,999.99,300.00,23%
74,"Apple MacBook Air Z18T000PL (Mid 2023) 15.3"" Laptop Computer - Midnight", Apple M2 8-Core CPU, 10-Core GPU/16-Core Neural Engine, 16GB Unified Memory, 256GB Solid State Drive,4,1499.99,1259.99,240.00,16%
75,"Apple MacBook Pro MRW23LL/A (Late 2023) 16.2"" Laptop Computer - Space Black", Apple M3 Pro 12-Core CPU, 18-Core GPU, 36GB Unified Memory, 512GB Solid State Drive,4,2899.99,2609.99,290.00,10%
76,"Apple MacBook Pro Z1AF001A7 (Late 2023) 16.2"" Laptop Computer - Space Black", Apple M3 Max 14-Core CPU, 30-Core GPU, 96GB Unified Memory, 1TB Solid State Drive,5,4299.99,3869.99,430.00,10%
77,"MSI Vector 16 HX A14VFG-246US 16"" Gaming Laptop Computer - Cosmo Gray", Intel Core i9 14th Gen 14900HX 1.6GHz Processor, NVIDIA GeForce RTX 4060 8GB GDDR6, 16GB DDR5-5600 RAM, 1TB Solid State Drive,,0.00,1899.99,0.00,0%
78,"HP ENVY 17-cr1017nr 17.3"" Laptop Computer - Mineral Silver", Intel Core i7 13th Gen 13700H 1.8GHz Processor, Intel Iris Xe Graphics, 16GB DDR4-3200 RAM, 1TB Solid State Drive,,1269.99,1099.99,170.00,13%
79,"Apple MacBook Pro MK1A3LL/A (Late 2021) 16.2"" Laptop Computer (Refurbished) - Space Gray", Apple M1 Max 10-Core CPU, 32-Core GPU/16-Core Neural Engine, 32GB Unified Memory, 1TB Solid State Drive,,2974.99,1899.99,1075.00,36%
80,"ASUS ROG Strix SCAR 17 G733PYV-XH97 17.3"" Gaming Laptop Computer - Off Black", AMD Ryzen 9 7945HX3D 2.3GHz Processor, NVIDIA GeForce RTX 4090 16GB GDDR6, 32GB DDR5-4800 RAM, 2TB Solid State Drive,,0.00,3699.99,0.00,0%
81,"ASUS ROG Strix SCAR 18 G834JY-XB98 18"" Gaming Laptop Computer - Black", Intel Core i9 13th Gen 13980HX 2.2GHz Processor, NVIDIA GeForce RTX 4090 16GB GDDR6, 64GB DDR5-4800 RAM, 1TB+1TB SSD (RAID 0),,3999.99,3799.99,200.00,5%
82,"Dell Inspiron 14 Plus 7440 14"" Laptop Computer - Ice Blue", Intel Core Ultra 7 155H 1.4GHz Processor, Intel Arc Graphics, 32GB LPDDR5X-6400 RAM, 1TB Solid State Drive,,1259.99,1199.99,60.00,5%
83,"Lenovo LOQ 15APH8 15.6"" Gaming Laptop - Storm Grey", AMD Ryzen 7 7840HS 3.8GHz Processor, NVIDIA GeForce RTX 3050 6GB GDDR6, 16GB DDR5-5600 RAM, 512GB Solid State Drive,,1079.99,749.99,330.00,31%
84,"Dell Inspiron 16 Plus 7630 16.0"" Laptop Computer - Platinum Silver", Intel Core i7 13th Gen 13700H 1.8GHz Processor, NVIDIA GeForce RTX 4060 8GB GDDR6, 32GB DDR5-4800 RAM, 1TB Solid State Drive,,1849.99,1699.99,150.00,8%
85,"Lenovo IdeaPad Slim 5 16"" Laptop Computer - Abyss Blue", AMD Ryzen 7 7730U 2.0GHz Processor, AMD Radeon Graphics, 16GB DDR4-3200 Onboard RAM, 1TB Solid State Drive,,929.99,749.99,180.00,19%
86,"Evolve III Maestro 11.6"" Laptop Computer - Dark Grey", Intel Celeron N3450 1.1GHz Processor, Intel HD Graphics 500, 4GB LPDDR4-2133 RAM, 64GB ROM Data Storage,,149.99,79.99,70.00,47%
87,"Microsoft Surface Laptop 5 15"" Intel Evo Platform Computer - Black", Intel Core i7 12th Gen 1255U 1.7GHz Processor, Intel Iris Xe Graphics, 16GB LPDDR5x RAM, 512GB Solid State Drive,,0.00,1799.99,0.00,0%
88,"Dell Latitude 5440 14"" Commercial Laptop Computer", Intel Core i7 13th Gen 1355U 1.2GHz Processor, Intel UHD Graphics, 16GB DDR4-3200 RAM, 512GB Solid State Drive,,1519.99,1299.99,220.00,14%
89,"Dell Latitude 3540 15.6"" Commercial Laptop Computer- Gray", Intel Core i5 13th Gen 1335U 1.3GHz Processor, Intel UHD Graphics, 16GB DDR4-3200 RAM, 256GB Solid State Drive,,1119.99,899.99,220.00,20%
90,"Apple MacBook Air MLXW3LL/A (mid 2022) 13.6"" Laptop Computer - Space Gray", Apple M2 8-Core CPU, 8-Core GPU/16-Core Neural Engine, 8GB Unified Memory, 256GB Solid State Drive,4.9,1099.99,899.99,200.00,18%
91,"Acer Aspire 5 Spin 14 A5SP14-51MTN-52ZC 14"" 2-in-1 Laptop Computer - Steel Gray", Intel Core i5 13th Gen 1335U 1.3GHz Processor, Intel Iris Xe Graphics, 16GB LPDDR5 Onboard RAM, 512GB Solid State Drive,4.7,749.99,599.99,150.00,20%
92,"ASUS ROG Strix G16 G614JI-XS96 16"" Gaming Laptop Computer - Eclipse Gray", Intel Core i9 13th Gen 13980HX 2.2GHz Processor, NVIDIA GeForce RTX 4070 8GB GDDR6, 32GB DDR5-4800 RAM, 1TB Solid State Drive,4.6,2199.99,1999.99,200.00,9%
93,"ASUS Zenbook Pro 14 Duo OLED UX8402VV-PS96T 14.5"" Laptop Computer - Tech Black", Intel Core i9 13th Gen 13900H 1.9GHz Processor, NVIDIA GeForce RTX 4060 8GB GDDR6, 32GB LPDDR5 Onboard RAM, 1TB Solid State Drive,4.8,2399.99,2199.99,200.00,8%
94,"LG gram 17Z90R-K.AAB8U1 17"" Intel Evo Platform Laptop Computer - Obsidian Black", Intel Core i7 13th Gen 1360P 1.6GHz Processor, Intel Iris Xe Graphics, 16GB LPDDR5-6000 RAM, 1TB Solid State Drive,4.5,1669.99,1499.99,170.00,10%
95,"Apple MacBook Pro MRX53LL/A (Late 2023) 14.2"" Laptop Computer - Space Black", Apple M3 Max 14-Core CPU, 30-Core GPU, 36GB Unified Memory, 1TB Solid State Drive,5,3199.99,2879.99,320.00,10%
96,"Acer Aspire 5 15 A515-58MT-51U1 15.6"" Laptop Computer - Steel Gray", Intel Core i5 13th Gen 1335U 1.3GHz Processor, Intel Iris Xe Graphics, 16GB LPDDR5 Onboard RAM, 1TB Solid State Drive,4.6,899.99,569.99,330.00,37%
97,"HP Pavilion x360 Convertible 14-dy2035nr 14.0"" 2-in-1 Laptop Computer - Silver", Intel Core i7 12th Gen 1255U 1.7GHz Processor, Intel Iris Xe Graphics, 16GB LPDDR4x-3200 Onboard RAM, 1TB Solid State Drive,4.3,989.99,899.99,90.00,9%
98,"Acer Aspire 3 A315-58-733R 15.6"" Laptop Computer - Pure Silver", Intel Core i7 11th Gen 1165G7 2.8GHz Processor, Intel Iris Xe Graphics, 16GB DDR4 RAM, 512GB Solid State Drive,2,529.99,499.99,30.00,6%
99,"HP OMEN 17-cm2075nr 17.3"" Gaming Laptop Computer Platinum Collection - Shadow Black", Intel Core i7 13th Gen 13700HX 1.5GHz Processor, NVIDIA GeForce RTX 4060 8GB GDDR6, 16GB DDR5-4800 RAM, 1TB Solid State Drive,4.3,1789.99,1199.99,590.00,33%
100,"HP Victus 16-s0076nr 16.1"" Gaming Laptop Computer Platinum Collection - Mica Silver", AMD Ryzen 7 7840HS 3.8GHz Processor, NVIDIA GeForce RTX 4060 8GB GDDR6, 16GB DDR5-5600 RAM, 1TB Solid State Drive,4.4,1349.99,899.99,450.00,33%
101,"Apple MacBook Air MQKW3LL/A (Mid 2023) 15.3"" Laptop Computer - Midnight", Apple M2 8-Core CPU, 10-Core GPU/16-Core Neural Engine, 8GB Unified Memory, 256GB Solid State Drive,4.7,1299.99,1079.99,220.00,17%
102,"HP 15-fc0081nr 15.6"" Laptop Computer - Natural Silver", AMD Ryzen 3 7320U 2.4GHz Processor, AMD Radeon Graphics, 8GB LPDDR5-5500 Onboard RAM, 256GB Solid State Drive,4.5,469.99,349.99,120.00,26%
103,"LG gram 14T90R-K.AAB8U1 14"" Intel Evo Platform 2-in-1 Laptop Computer - Black", Intel Core i7 13th Gen 1360P 1.6GHz Processor, Intel Iris Xe Graphics, 16GB LPDDR5-6000 RAM, 1TB Solid State Drive,4.2,1619.99,1299.99,320.00,20%
104,"ASUS ROG Zephyrus Duo 16 GX650PY-XS97 16"" Gaming Laptop Computer - Black", AMD Ryzen 9 7945HX 2.5GHz Processor, NVIDIA GeForce RTX 4090 16GB GDDR6, 32GB DDR5-4800 RAM, 2TB Solid State Drive,4.5,0.00,3999.99,0.00,0%
105,"Apple MacBook Air Z160000AU (mid 2022) 13.6"" Laptop Computer - Midnight", Apple M2 8-Core CPU, 8-Core GPU/16-Core Neural Engine, 16GB Unified Memory, 256GB Solid State Drive,4.5,1299.99,1079.99,220.00,17%
106,"ASUS TUF Gaming A17 FA707XU-MS94 17.3"" Laptop Computer Platinum Collection - Mecha Gray", AMD Ryzen 9 7940HS 4.0GHz Processor, NVIDIA GeForce RTX 4050 6GB GDDR6, 16GB DDR5-4800 RAM, 1TB Solid State Drive,4.2,1299.99,999.99,300.00,23%
107,"Apple MacBook Air Z160000B1 (mid 2022) 13.6"" Laptop Computer - Midnight", Apple M2 8-Core CPU, 8-Core GPU/16-Core Neural Engine, 16GB Unified Memory, 512GB Solid State Drive,5,1499.99,1259.99,240.00,16%
108,"Dell G16 7630 16"" Gaming Laptop Computer - Metallic Nightshade", Intel Core i7 13th Gen 13650HX 1.9GHz Processor, NVIDIA GeForce RTX 4060 8GB GDDR6, 16GB DDR5-4800 RAM, 1TB Solid State Drive,3.3,1729.99,1099.99,630.00,36%
109,"Dell XPS 17 9730 17.0"" Laptop Computer - Platinum Silver", Intel Core i9 13th Gen 13900H 1.9GHz Processor, NVIDIA GeForce RTX 4070 8GB GDDR6, 64GB DDR5-4800 RAM, 2TB Solid State Drive,4.1,0.00,3429.99,0.00,0%
110,"Apple MacBook Pro MRW43LL/A (Late 2023) 16.2"" Laptop Computer - Silver", Apple M3 Pro 12-Core CPU, 18-Core GPU, 18GB Unified Memory, 512GB Solid State Drive,5,2499.99,2249.99,250.00,10%
111,"Microsoft Surface Laptop 5 15"" Intel Evo Platform - Black", Intel Core i7 12th Gen 1255U 1.7GHz Processor, Intel Iris Xe Graphics, 32GB LPDDR5x RAM, 1TB Solid State Drive,3.5,0.00,2399.99,0.00,0%
112,"LG gram Style 16Z90RS-K.ADW8U1 16"" Intel Evo Platform Laptop Computer - Dynamic White", Intel Core i7 13th Gen 1360P 1.6GHz Processor, Intel Iris Xe Graphics, 32GB LPDDR5-3200 RAM, 1TB Solid State Drive,4.6,1999.99,1299.99,700.00,35%
113,"Lenovo LOQ 15.6"" Gaming Laptop Computer - Onyx Grey", Intel Core i5 12th Gen 12450H 1.5GHz Processor, NVIDIA GeForce RTX 3050 6GB GDDR6, 16GB DDR5-5600 RAM, 512GB Solid State Drive,4.4,989.99,699.99,290.00,29%
114,"HP ENVY x 360 15-ew1002nr 15.6"" 2-in-1 Laptop Computer - Mineral Silver", Intel Core i5 1335U 1.3GHz Processor, Intel Iris Xe Graphics, 8GB DDR4-3200 RAM, 512GB Solid State Drive,5,809.99,599.99,210.00,26%
115,"HP Pavilion x360 Convertible 15-er1152nr 15.6"" 2-in-1 Laptop Computer - Silver", Intel Core i5 12th Gen 1235U 1.3GHz Processor, Intel Iris Xe Graphics, 8GB DDR4-3200 RAM, 512GB Solid State Drive,4.5,859.99,599.99,260.00,30%
116,"Microsoft Surface Pro 9 13"" Intel Evo Platform 2-in-1 Laptop Computer - Graphite", Intel Core i5 12th Gen 1235U 1.3GHz Processor, Intel Iris Xe Graphics, 8GB LPDDR5 RAM, 256GB Solid State Drive,4.3,1099.99,949.99,150.00,14%
117,"HP 15-dy2715nr 15.6"" Laptop Computer - Natural Silver", Intel Core i7 11th Gen 1165G7 2.8GHz Processor, Intel Iris Xe Graphics, 8GB DDR4-3200 RAM, 1TB Solid State Drive,4.8,779.99,449.99,330.00,42%
118,"Apple MacBook Pro Z1AF001AG (Late 2023) 16.2"" Laptop Computer - Space Black", Apple M3 Max 16-Core CPU, 40-Core GPU, 64GB Unified Memory, 2TB Solid State Drive,4,4599.99,4139.99,460.00,10%
119,"Razer Blade 16 16"" Gaming Laptop Computer - Black", Intel Core i9 13950HX 1.6GHz Processor, NVIDIA GeForce RTX 4090 16GB GDDR6, 32GB DDR5-5600 RAM, 2TB Solid State Drive,5,3959.99,3499.99,460.00,12%
120,"MSI Prestige 13 AI Evo A1MG-016US 13.3"" Laptop Computer - Stellar Gray", Intel Core Ultra 7 155H 1.4GHz Processor, Intel Arc Graphics, 32GB LPDDR5-6400 RAM, 1TB Solid State Drive,4.9,0.00,1299.99,0.00,0%
121,"Samsung Galaxy Book3 Pro 14"" Laptop Computer - Graphite", Intel Core i7 13th Gen 1360P 1.6GHz Processor, Intel Iris Xe Graphics, 16GB LPDDR5 Onboard RAM, 512GB Solid State Drive,4.8,1309.99,1179.99,130.00,10%
122,"Apple MacBook Air MLY43LL/A (mid 2022) 13.6"" Laptop Computer - Midnight", Apple M2 8-Core CPU, 10-Core GPU/16-Core Neural Engine, 8GB Unified Memory, 512GB Solid State Drive,5,1399.99,1079.99,320.00,23%
123,"Apple MacBook Air MGN63LL/A (Late 2020) 13.3"" Laptop Computer - Space Gray", Apple M1 8-Core CPU, 7-Core GPU/16-Core Neural Engine, 8GB Unified Memory, 256GB Solid State Drive,5,999.99,809.99,190.00,19%
124,"Microsoft Surface Laptop 5 13.5"" Intel Evo Platform Computer - Sage", Intel Core i5 12th Gen 1235U 1.3GHz Processor, Intel Iris Xe Graphics, 8GB LPDDR5x RAM, 512GB Solid State Drive,4.3,1299.99,999.99,300.00,23%
125,"Razer Blade 14 14"" Gaming Laptop Computer - Black", AMD Ryzen 9 8945HS 4.0GHz Processor, NVIDIA GeForce RTX 4070 8GB GDDR6, 32GB DDR5-5600 RAM, 1TB Solid State Drive,5,0.00,2699.99,0.00,0%
126,"Gateway GWNR71539-BK 15.6"" Ultra Slim Laptop Computer - Black", AMD Ryzen 7 3700U 2.3GHz Processor, AMD Radeon RX Vega 10 Graphics, 16GB RAM, 1TB Solid State Drive,4.5,449.99,299.99,150.00,33%
127,"Apple MacBook Pro MRX83LL/A (Late 2023) 14.2"" Laptop Computer - Silver", Apple M3 Max 14-Core CPU, 30-Core GPU, 36GB Unified Memory, 1TB Solid State Drive,4.6,3199.99,2879.99,320.00,10%
128,"MSI Pulse 15 B13VGK-281US 15.6"" Gaming Laptop Computer - Black", Intel Core i7 13th Gen 13700H 1.8GHz Processor, NVIDIA GeForce RTX 4070 8GB GDDR6, 32GB DDR5-5200 RAM, 1TB Solid State Drive,4.4,1699.99,1499.99,200.00,12%
129,"Acer Predator Triton X PTX17-71-95HW 17.0"" Gaming Laptop Computer - Abyssal Black", Intel Core i9 13th Gen 13900HX 1.6GHz Processor, NVIDIA GeForce RTX 4090 16GB GDDR6, 64GB DDR5-5200 RAM, 2TB Solid State Drive,5,3799.99,2799.99,1000.00,26%
130,"Acer Nitro 17 AN17-41-R5Y5 17.3"" Gaming Laptop Computer - Obsidian Black", AMD Ryzen 9 7940HS 4.0GHz Processor, NVIDIA GeForce RTX 4070 8GB GDDR6, 32GB DDR5-5600 RAM, 1TB Solid State Drive,5,1799.99,1399.99,400.00,22%
131,"ASUS Zenbook S 13 OLED UX5304MA-XS76 13.3"" Laptop Computer - Basalt Grey", Intel Core Ultra 7 155U 1.7GHz Processor, Intel Graphics, 32GB LPDDR5X Onboard RAM, 1TB Solid State Drive,4.6,0.00,1399.99,0.00,0%
132,"HP ENVY 16-h1011nr 16"" Intel Evo Platform Laptop Computer - Natural Silver", Intel Core i7 13th Gen 13700H 1.8GHz Processor, Intel Arc A370M 4GB GDDR6, 32GB DDR5-5600 RAM, 1TB Solid State Drive,4.9,1549.99,1399.99,150.00,10%
134,"ASUS Vivobook S 16 Flip TP3604VA-EB94T 16"" 2-in-1 Laptop Computer - Midnight Black", Intel Core i9 13th Gen 13900H 1.9GHz Processor, Intel HD Graphics, 16GB DDR4 RAM, 1TB Solid State Drive,5,0.00,999.99,0.00,0%
135,"Razer Blade 18 (2023) 18"" Gaming Laptop Computer - Black", Intel Core i9 13th Gen 13950HX 1.6GHz Processor, NVIDIA GeForce RTX 4090 16GB GDDR6, 32GB DDR5-5600 RAM, 1TB SSD+1TB SSD,4.5,4499.99,3699.99,800.00,18%
136,"Apple MacBook Air MGN63LL/A (Late 2020) 13.3"" Laptop Computer (Refurbished) - Space Gray", Apple M1 8-Core CPU, 7-Core GPU/16-Core Neural Engine, 8GB Unified Memory, 256GB Solid State Drive,4.3,849.99,699.99,150.00,18%
137,"Apple MacBook Pro MRW63LL/A (Late 2023) 16.2"" Laptop Computer - Silver", Apple M3 Pro 12-Core CPU, 18-Core GPU, 36GB Unified Memory, 512GB Solid State Drive,4,2899.99,2609.99,290.00,10%
138,"Apple MacBook Pro MK183LL/A (Late 2021) 16.2"" Laptop Computer (Factory Refurbished) - Space Gray", Apple M1 Pro 10-Core CPU, 16-Core GPU/16-Core Neural Engine, 16GB Unified Memory, 512GB Solid State Drive,4.4,1839.99,1329.99,510.00,28%
139,"ASUS VivoBook F1505VA-MS94 15.6"" Laptop Computer - Indie Black", Intel Core i9 13th Gen 13900H 1.9GHz Processor, Intel Iris Xe Graphics, 16GB DDR4 RAM, 1TB Solid State Drive,4.9,999.99,799.99,200.00,20%
140,"Apple MacBook Air MQKT3LL/A (Mid 2023) 15.3"" Laptop Computer - Silver", Apple M2 8-Core CPU, 10-Core GPU/16-Core Neural Engine, 8GB Unified Memory, 512GB Solid State Drive,4.2,1499.99,1259.99,240.00,16%
141,"MSI Raider GE78HX 13VH-070US 17"" Gaming Laptop Computer - Dark Grey", Intel Core i9 13th Gen 13950HX 1.6GHz Processor, NVIDIA GeForce RTX 4080 12GB GDDR6, 32GB DDR5-4800 RAM, 2TB Solid State Drive,4.2,3299.99,2799.99,500.00,15%
142,"HP 250 G9 15.6"" Laptop Computer - Gray", Intel Core i5 12th Gen 1235U 1.3GHz Processor, Intel Iris Xe Graphics, 16GB DDR4-3200 RAM, 512GB Solid State Drive,4.7,0.00,499.99,0.00,0%
143,"Apple MacBook Pro Z1AJ0018K (Late 2023) 16.2"" Laptop Computer - Silver", Apple M3 Pro 12-Core CPU, 18-Core GPU, 18GB Unified Memory, 1TB Solid State Drive,3,2699.99,2429.99,270.00,10%
144,"MSI Raider GE78HX 14VGG-205US 17"" Gaming Laptop Computer - Black", Intel Core i9 14th Gen 14900HX 1.6GHz Processor, NVIDIA GeForce RTX 4070 8GB GDDR6, 32GB DDR5-5600 RAM, 1TB Solid State Drive,4.5,0.00,2399.99,0.00,0%
145,Dell Latitude 9440 2-in-1 Commercial Laptop Computer - Gray, Intel Core i7 13th Gen 1365U 1.3GHz Processor, Intel Iris Xe Graphics, 32GB LPDDR5-6000 Onboard RAM, 512GB Solid State Drive,5,2929.99,2399.99,530.00,18%
146,"ASUS Zenbook S 13 OLED UX5304VA-XS76T 13.3"" Intel Evo Platform Laptop Computer - Basalt Grey", Intel Core i7 13th Gen 1355U 1.2GHz Processor, Intel Iris Xe Graphics, 32GB LPDDR5 Onboard RAM, 1TB Solid State Drive,4.8,1399.99,1259.99,140.00,10%
147,"Dell G15 5530 15.6"" Gaming Laptop Computer - Black", Intel Core i7 13th Gen 13650HX 1.9GHz Processor, NVIDIA GeForce RTX 4050 6GB GDDR6, 16GB DDR5-4800 RAM, 512GB Solid State Drive,4.8,1199.99,899.99,300.00,25%
148,"Acer Swift X 14 SFX14-71G-7978 OLED 14.5"" Laptop Computer - Gray", Intel Core i7 13th Gen 13700H 1.8GHz Processor, NVIDIA GeForce RTX 4050 6GB GDDR6, 16GB LPDDR5 Onboard RAM, 1TB Solid State Drive,5,1299.99,999.99,300.00,23%
149,"Microsoft Surface Laptop 5 13.5"" Intel Evo Platform Computer - Platinum", Intel Core i5 12th Gen 1235U 1.3GHz Processor, Intel Iris Xe Graphics, 8GB LPDDR5x RAM, 256GB Solid State Drive,5,999.99,899.99,100.00,10%
150,"Apple MacBook Air MQKU3LL/A (Mid 2023) 15.3"" Laptop Computer - Starlight", Apple M2 8-Core CPU, 10-Core GPU/16-Core Neural Engine, 8GB Unified Memory, 256GB Solid State Drive,4.4,1299.99,1079.99,220.00,17%
151,"Samsung Galaxy Book3 NP750XFG-KB2US 15.6"" Laptop Computer - Silver", Intel Core i7 13th Gen 1355U 1.2GHz Processor, Intel Iris Xe Graphics, 16GB RAM, 512GB Solid State Drive,5,869.99,749.99,120.00,14%
152,"Microsoft Surface Pro 9 13"" Intel Evo Platform 2-in-1 Laptop Computer - Sapphire", Intel Core i5 12th Gen 1235U 1.3GHz Processor, Intel Iris Xe Graphics, 8GB LPDDR5 RAM, 256GB Solid State Drive,4.1,1099.99,949.99,150.00,14%
153,"LG gram Style 14Z90RS-K.AAW7U1 14"" Intel Evo Platform Laptop Computer - Dynamic White", Intel Core i7 13th Gen 1360P 1.6GHz Processor, Intel Iris Xe Graphics, 16GB LPDDR5-6000 RAM, 512GB Solid State Drive,4.9,1499.99,1299.99,200.00,13%
154,"Apple MacBook Pro MRX73LL/A (Late 2023) 14.2"" Laptop Computer - Silver", Apple M3 Pro 12-Core CPU, 18-Core GPU, 18GB Unified Memory, 1TB Solid State Drive,4.6,2399.99,2159.99,240.00,10%
156,"Samsung Galaxy Book3 Pro NP960XFG-KC1US 16"" Laptop Computer - Graphite", Intel Core i7 13th Gen 1360P 1.6GHz Processor, Intel Iris Xe Graphics, 16GB LPDDR5 Onboard RAM, 1TB Solid State Drive,4.2,0.00,1749.99,0.00,0%
157,"Apple MacBook Pro MTL83LL/A (Late 2023) 14.2"" Laptop Computer - Space Gray", Apple M3 8-Core CPU, 10-Core GPU, 8GB Unified Memory, 1TB Solid State Drive,5,1799.99,1619.99,180.00,10%
158,"Lenovo ThinkPad P15v Gen 3 Mobile Workstation 15.6"" Laptop Computer - Black", AMD Ryzen 7 PRO 6850H 3.2GHz Processor, NVIDIA T1200 4GB GDDR6, 32GB DDR5-4800 RAM, 1TB Solid State Drive,4.8,1649.99,1599.99,50.00,3%
159,"Microsoft Surface Laptop Go 3 12.4"" Laptop Computer - Platinum", Intel Core i5 12th Gen 1235U 1.3GHz Processor, Intel Iris Xe Graphics, 8GB LPDDR5 RAM, 256GB Solid State Drive,4.6,0.00,799.99,0.00,0%
160,"Lenovo IdeaPad Flex 5 14"" 2-in-1 Laptop Computer - Blue", AMD Ryzen 5 7530U 2.0GHz Processor, AMD Radeon Graphics, 8GB LPDDR4x-4266 Onboard RAM, 512GB Solid State Drive,2,729.99,579.99,150.00,21%
161,"Apple MacBook Pro MTL73LL/A (Late 2023) 14.2"" Laptop Computer - Space Gray", Apple M3 8-Core CPU, 10-Core GPU, 8GB Unified Memory, 512GB Solid State Drive,4.4,1599.99,1439.99,160.00,10%
162,"Apple MacBook Pro MK193LL/A (Late 2021) 16.2"" Laptop Computer (Factory Refurbished) - Space Gray", Apple M1 Pro 10-Core CPU, 16-Core GPU/16-Core Neural Engine, 16GB Unified Memory, 1TB Solid State Drive,5,0.00,1449.99,0.00,0%
163,"Dell Inspiron 16 Plus 7630 16"" Laptop Computer - Silver", Intel Core i7 13th Gen 13620H 1.8GHz Processor, NVIDIA GeForce RTX 4060 8GB GDDR6, 16GB DDR5-4800 RAM, 1TB Solid State Drive,4.8,1499.99,1399.99,100.00,7%
164,"Apple MacBook Air 13"" MXCV3LL/A (early 2024) 13.6"" Laptop Computer - Midnight", Apple M3 8-Core CPU, 10-Core GPU/16-Core Neural Engine, 16GB Unified Memory, 512GB Solid State Drive,,1499.99,1349.99,150.00,10%
165,"ASUS Zenbook 14 Flip OLED 14"" Intel Evo Platform 2-in-1 Laptop Computer - Ponder Blue", Intel Core i7 13th Gen 1360P 1.6GHz Processor, Intel Iris Xe Graphics, 16GB LPDDR5 Onboard RAM, 1TB Solid State Drive,,0.00,1199.99,0.00,0%
166,"HP 14-dq0020nr 14"" Laptop Computer - Black", Intel Celeron N4020 1.1GHz Processor, Intel UHD Graphics 600, 4GB DDR4-2400 RAM, 64GB eMMC Storage,,199.99,149.99,50.00,25%
167,"ASUS ROG Strix G17 G713PI-XS96 17.3"" Gaming Laptop Computer Platinum Collection - Eclipse Gray", AMD Ryzen 9 7945HX 2.5GHz Processor, NVIDIA GeForce RTX 4070 8GB GDDR6, 32GB DDR5-4800 RAM, 1TB Solid State Drive,,2199.99,1999.99,200.00,9%
168,"MSI Prestige 16 AI Evo B1MG-005US 16"" Laptop Computer - Stellar Gray", Intel Core Ultra 7 155H 1.4GHz Processor, Intel Arc Graphics, 32GB LPDDR5-6400 RAM, 1TB Solid State Drive,,0.00,1449.99,0.00,0%
169,"Lenovo V15 G3 15.6"" Laptop Computer - Black", Intel Core i3 12th Gen 1215U 0.9GHz Processor, Intel UHD Graphics, 8GB DDR4-3200 Onboard RAM, 256GB Solid State Drive,,339.99,319.99,20.00,6%
170,"Apple MacBook Air MQKQ3LL/A (Mid 2023) 15.3"" Laptop Computer - Space Gray", Apple M2 8-Core CPU, 10-Core GPU/16-Core Neural Engine, 8GB Unified Memory, 512GB Solid State Drive,,1499.99,1259.99,240.00,16%
171,"Apple MacBook Air MQKX3LL/A (Mid 2023) 15.3"" Laptop Computer - Midnight", Apple M2 8-Core CPU, 10-Core GPU/16-Core Neural Engine, 8GB Unified Memory, 512GB Solid State Drive,,1499.99,1259.99,240.00,16%
172,"Lenovo V15 G3 15.6"" Laptop Computer - Business Black", Intel Core i5 12th Gen 1235U 1.3GHz Processor, Intel UHD Graphics, 8GB DDR4-3200 RAM, 512GB Solid State Drive,,479.99,449.99,30.00,6%
173,"ASUS ExpertBook B1 B1502CBA-XS53 15.6"" Commercial Laptop Computer - Star Black", Intel Core i5 12th Gen 1235U 1.3GHz Processor, Intel Iris Xe Graphics, 16GB DDR4 RAM, 256GB Solid State Drive,,969.99,699.99,270.00,28%
174,"Apple MacBook Pro MKGQ3LL/A (Late 2021) 14.2"" Laptop Computer (Factory Refurbished) - Space Gray", Apple M1 Pro 10-Core Chip, 16-Core GPU/16-Core Neural Engine, 16GB Unified Memory, 1TB Solid State Drive,,0.00,1349.99,0.00,0%
175,"HP 15-ef3184nr 15.6"" Laptop Computer - Natural Silver", AMD Ryzen 5 5625U 2.3GHz Processor, AMD Radeon Graphics, 16GB DDR4-3200 RAM, 512GB Solid State Drive,,749.99,599.99,150.00,20%
176,"ASUS Vivobook 16X OLED K3605VV-ES96 16"" Laptop Computer - Indie Black", Intel Core i9 13th Gen 13900H 1.9GHz Processor, NVIDIA GeForce RTX 4060 8GB GDDR6, 32GB DDR4 RAM, 1TB Solid State Drive,,1699.99,1599.99,100.00,6%
177,"Lenovo IdeaPad Pro 5i 16"" Laptop Computer - Arctic Grey", Intel Core i7 13th Gen 13700H 1.8GHz Processor, NVIDIA GeForce RTX 3050 6GB GDDR6, 16GB LPDDR5-5200 RAM, 1TB Solid State Drive,,1179.99,1099.99,80.00,7%
178,"Apple MacBook Air MLY23LL/A (mid 2022) 13.6"" Laptop Computer - Starlight", Apple M2 8-Core CPU, 10-Core GPU/16-Core Neural Engine, 8GB Unified Memory, 512GB Solid State Drive,4.9,1399.99,1079.99,320.00,23%
179,"Lenovo V15 G2 15.6"" Laptop Computer - Black", Intel Celeron N4500 1.1GHz Processor, Intel UHD Graphics, 8GB DDR4-2933 RAM, 256GB Solid State Drive,5,0.00,259.99,0.00,0%
180,"Dell Inspiron 15 3535 15.6"" Laptop Computer - Platinum Silver", AMD Ryzen 5 7530U 2.0GHz Processor, AMD Radeon Graphics, 8GB DDR4-3200 RAM, 512GB Solid State Drive,4.7,619.99,499.99,120.00,19%
181,"Dell XPS 13 9315 13.4"" Intel Evo Platform 2-in-1 Laptop Computer - Blue", Intel Core i5 12th Gen 1230U 0.7GHz Processor, Intel Iris Xe Graphics, 16GB Onboard RAM, 512GB Solid State Drive,2.8,1499.99,1399.99,100.00,7%
182,"Acer Swift Go 14 SFG14-72T-71QF LED 14"" Intel Evo Platform Laptop Computer - Pure Silver", Intel Core Ultra 7 155H Processor 1.4GHz, Intel ARC Graphics, 16GB LPDDR5X Onboard RAM, 1TB Solid State Drive,4.5,999.99,899.99,100.00,10%
183,Lenovo Legion Go Handheld Gaming Computer, AMD Ryzen Z1 Extreme 3.3GHz Processor, AMD Radeon Graphics, 16GB LPDDR5X-7500 RAM, Upgraded to 1TB Solid State Drive,4.2,0.00,749.99,0.00,0%
184,"Apple MacBook Air MGN93LL/A (Late 2020) 13.3"" Laptop Computer - Silver", Apple M1 8-Core CPU, 7-Core GPU/16-Core Neural Engine, 8GB Unified Memory, 256GB Solid State Drive,4.8,999.99,809.99,190.00,19%
185,"Dell Latitude 3440 14"" Laptop Computer - Soft Charcoal", Intel Core i5 13th Gen 1335U 1.3GHz Processor, Intel Iris Xe Graphics, 8GB DDR4 RAM, 256GB Solid State Drive,5,929.99,699.99,230.00,25%
186,"HP 17-cp2124od 17.3"" Laptop Computer - Silver", AMD Ryzen 3 7320U 2.4GHz Processor, AMD Radeon Graphics, 8GB LPDDR5-5500 Onboard RAM, 256GB Solid State Drive,4.5,534.99,349.99,185.00,35%
187,"Dell Latitude 5400 14"" Laptop Computer (Refurbished) - Black", Intel Core i5 8th Gen 8365U 1.6GHz Processor, Intel UHD Graphics, 16GB RAM, 512GB Solid State Drive,4,0.00,299.99,0.00,0%
188,"Acer Chromebook 314 CB314-3HT-C9VS 14"" Touchscreen Laptop Computer - Pure Silver", Intel Celeron N4500 1.1GHz Processor, Intel UHD Graphics, 4GB LPDDR4X Onboard RAM, 128GB eMMC Storage,5,349.99,299.99,50.00,14%
189,"Acer Chromebook 314 CB314-3H-C4VS 14"" Laptop Computer - Pure Silver", Intel Celeron N4500 1.1GHz Processor, Intel UHD Graphics, 4GB LPDDR4X Onboard RAM, 128GB eMMC Storage,4.9,289.99,269.99,20.00,7%
190,"Dell Latitude 5490 14"" Laptop Computer (Refurbished) - Black", Intel Core i5 8th Gen 8200Y 1.3GHz Processor, Intel UHD Graphics 615, 16GB RAM, 256GB Solid State Drive,5,0.00,249.99,0.00,0%
191,"Lenovo ThinkPad X1 Carbon Gen 9 14"" Laptop Computer (Factory Refurbished) - Black", Intel Core i5 11th Gen 1145G7 2.6GHz Processor, Intel Iris Xe Graphics, 32GB LPDDR4X-4266 Onboard RAM, 256GB Solid State Drive,,0.00,699.99,0.00,0%
192,"HP Victus 16-r0073cl 16.1"" Gaming Laptop Computer (Refurbished) - Mica Silver", Intel Core i7 13th Gen 13700HX 1.5GHz Processor, NVIDIA GeForce RTX 4060 8GB GDDR6, 32GB DDR5-4800 RAM, 1TB Solid State Drive,4.5,0.00,899.99,0.00,0%
193,"HP 17-cn2070cl 17.3"" Laptop Computer (Refurbished) - Natural Silver", Intel Core i7 12th Gen 1255U 1.7GHz Processor , Intel Iris Xe Graphics,16GB DDR4-3200 RAM, 512GB Solid State Drive,4.5,0.00,499.99,0.00,0%
194,"HP ENVY 17-cr1003ca 17.3"" Laptop Computer (Refurbished) - Mineral Silver Aluminum", Intel Core i7 13th Gen 13700H 1.8GHz Processor, Intel Iris Xe Graphics, 32GB DDR4-3200 RAM, 1TB Solid State Drive,5,0.00,899.99,0.00,0%
195,"ASUS ProArt Studiobook Pro 16 OLED W7604J3D-XS99T Mobile Workstation 16"" Laptop Computer - Mineral Black", Intel Core i9 13th Gen 13980HX 2.2GHz Processor, NVIDIA RTX 3000 Ada 8GB GDDR6, 64GB DDR5 RAM, 2TB Solid State Drive,4.8,0.00,2999.99,0.00,0%
196,"HP Victus 15-fb0003nr 15.6"" Gaming Laptop Computer - Mica Silver", AMD Ryzen 5 5600H 3.3GHz Processor, AMD Radeon RX 6500M 4GB GDDR6, 8GB DDR4-3200 RAM, 512GB Solid State Drive,4.4,719.99,599.99,120.00,17%
197,"Dell Latitude 5530 15.6"" Laptop Computer (Refurbished)", Intel Core i7 12th Gen 1245U 1.6GHz Processor, Intel Iris Xe Graphics, 16GB RAM, 512GB Solid State Drive,3.9,0.00,649.99,0.00,0%
198,"Microsoft Surface Laptop Go 2 12.4"" Computer - Platinum", Intel Core i5 11th Gen 1135G7 2.4GHz Processor, Intel Iris Xe Graphics, 8GB LPDDR4x RAM, 256GB Solid State Drive,4.3,679.99,611.99,68.00,10%
199,"Samsung Chromebook 4+ 15.6"" Laptop Computer - Platinum", Intel Celeron N4000 1.1GHz Processor, Intel UHD Graphics 600, 4GB Onboard RAM, 64GB eMMC Storage,4.7,0.00,269.99,0.00,0%
200,"Acer Aspire Vero AV14-51-58XZ 14"" Laptop Computer (Refurbished) - Cobblestone Gray", Intel Core i5 12th Gen 1235U 1.3GHz Processor, Intel Iris Xe Graphics, 16GB LPDDR4X RAM, 512GB Solid State Drive,4.7,0.00,399.99,0.00,0%
201,"HP ProBook 640 G2 14"" Laptop Computer (Refurbished) - Black", Intel Core i7 6th Gen 6600U 2.6GHz Processor, Intel HD Graphics 520, 16GB RAM, 512GB Solid State Drive,5,0.00,279.99,0.00,0%
202,"Dell Latitude 5400 14"" Laptop Computer (Refurbished) - Carbon Fiber", Intel Core i5 8th Gen 8365U 1.6GHz Processor, Intel UHD Graphics, 16GB RAM, 512GB Solid State Drive,3,0.00,299.99,0.00,0%
203,"Dell Latitude 14 7430 14"" 2-in-1 Laptop Computer (Refurbished)", Intel Core i7 12th Gen 1265U 1.3GHz Processor, Intel Iris Xe Graphics, 32GB RAM, 512GB Solid State Drive,4.6,0.00,849.99,0.00,0%
204,"HP OMEN 16-wd0013dx 16.1"" Gaming Laptop Computer (Refurbished) - Shadow Black", Intel Core i5 13th Gen 13420H 1.5GHz Processor, NVIDIA GeForce RTX 4050 6GB GDDR6, 16GB DDR5-5200 RAM, 512GB Solid State Drive,5,0.00,699.99,0.00,0%
205,"HP 17-cn 3033cl 17.3"" Laptop Computer (Refurbished) - Natural Silver", Intel Core i5 13th Gen 1335U 1.3GHz Processor, Intel Iris Xe Graphics, 16GB DDR4-3200 RAM, 512GB Solid State Drive,4.8,0.00,479.99,0.00,0%
206,"Dell Latitude 5540 15.6"" Laptop Computer (Refurbished) - Gray", Intel Core i5 13th Gen 1345U 1.2GHz Processor, Intel Iris Xe Graphics, 32GB RAM, 512GB Solid State Drive,4.9,0.00,699.99,0.00,0%
207,"HP ENVY x360 15-ey1045cl 15.6"" 2-in-1 Laptop Computer (Refurbished) - Mineral Silver", AMD Ryzen 7 7730U 2.0GHz Processor, AMD Radeon Graphics, 16GB DDR4-3200 RAM, 1TB Solid State Drive,5,0.00,599.99,0.00,0%
208,"Acer Aspire 5 A515-57T-77EC 15.6"" Laptop Computer (Factory Refurbished) - Steel Gray", Intel Core i7 12th Gen 1255U 1.7GHz Processor, Intel Iris Xe Graphics, 16GB DDR4 RAM, 512GB Solid State Drive,5,0.00,499.99,0.00,0%
209,"HP 17-cn3053cl 17.3"" Laptop Computer (Refurbished) - Natural Silver", Intel Core i5 13th Gen 1335U 1.3GHz Processor, Intel Iris Xe Graphics, 12GB DDR4-3200 RAM, 512GB Solid State Drive,5,0.00,449.99,0.00,0%
210,"Dell Latitude 5420 14"" Laptop Computer (Refurbished) - Gray", Intel Core i5 11th Gen 1145G7 2.6GHz Processor, Intel Iris Xe Graphics, 16GB RAM, 256GB Solid State Drive,5,0.00,379.99,0.00,0%
211,"HP Pavilion 15-eg3035cl 15.6"" Laptop Computer (Refurbished) - Natural Silver", Intel Core i5 13th Gen 1335U 1.3GHz Processor, Intel Iris Xe Graphics, 16GB DDR4-3200 RAM, 512GB Solid State Drive,4.5,0.00,549.99,0.00,0%
212,"Dell Precision 5470 Mobile Workstation 14"" Laptop Computer (Refurbished) - Silver", Intel Core i7 12th Gen 12700H 1.7GHz Processor, NVIDIA RTX A1000 4GB GDDR6, 16GB RAM, 512GB Solid State Drive,4.3,0.00,699.99,0.00,0%
213,"Dell Latitude 7490 14"" Laptop Computer (Refurbished)", Intel Core i5 Processor, Integrated Graphics, 16GB RAM, 512GB Solid State Drive,4,329.99,299.99,30.00,9%
214,"HP Elitebook 650 G9 15.6"" Laptop Computer (Refurbished) - Silver", Intel Core i5 12th Gen 1235U 1.3GHz Processor, Intel Iris Xe Graphics, 32GB RAM, 512GB Solid State Drive,4.9,0.00,549.99,0.00,0%
215,"MSI Creator Z16P B12UHT-041 16"" Laptop Computer - Lunar Gray", Intel Core i7 12th Gen 12700H 1.7GHz Processor, NVIDIA GeForce RTX 3080 8GB GDDR6, 32GB DDR5-4800 RAM, 1TB Solid State Drive,4.8,1699.99,1599.99,100.00,6%
216,"Dell XPS 15 9530 15.6"" Intel Evo Platform Laptop Computer - Platinum Silver", Intel Core i9 13th Gen 13900H 1.9GHz Processor, NVIDIA GeForce RTX 4070 8GB GDDR6, 32GB DDR5-4800 RAM, 1TB Solid State Drive,4.7,3369.99,3099.99,270.00,8%
217,"Razer Blade 16 (2024) 16"" Gaming Laptop Computer - Black", Intel Core i9 14th Gen 14900HX 1.6GHz Processor, NVIDIA GeForce RTX 4090 16GB GDDR6, 32GB DDR5-5600 RAM, 2TB Solid State Drive,4.3,0.00,4199.99,0.00,0%
218,"Dell Inspiron 16 Plus 7630 16"" Laptop Computer (Refurbished) - Platinum Silver", Intel Core i7 13th Gen 13700H 1.8GHz Processor, Intel Integrated Graphics, 16GB RAM, 1TB Solid State Drive,5,0.00,699.99,0.00,0%
219,"MSI Katana 15 B12VFK-291US 15.6"" Gaming Laptop Computer - Black", Intel Core i7 12th Gen 12650H 1.7GHz Processor, NVIDIA GeForce RTX 4060 8GB GDDR6, 16GB DDR5-4800 RAM, 512GB Solid State Drive,4.7,1199.99,949.99,250.00,21%
220,"VAIO FE Series VWNC71419 14.1"" Laptop Computer - Silver", Intel Core i7 11th Gen 1165G7 2.8GHz Processor, Intel Iris Xe Graphics, 16GB RAM, 1TB Solid State Drive,5,499.99,449.99,50.00,10%
221,"Microsoft Surface Pro 9 13"" Intel Evo Platform 2-in-1 Laptop Computer - Platinum", Intel Core i7 12th Gen 1255U 1.7GHz Processor, Intel Iris Xe Graphics, 16GB LPDDR5 RAM, 512GB Solid State Drive,,0.00,1899.99,0.00,0%
222,"HP ZBook Studio G9 Mobile Workstation 16"" Laptop Computer - Silver", Intel Core i9 12900H 1.8GHz Processor, NVIDIA RTX A2000 8GB GDDR6, 32GB DDR5-4800 RAM, 1TB Solid State Drive,4.8,2999.99,1399.99,1600.00,53%
223,"MSI Modern 14 C7M-080US 14"" Laptop Computer - Classic Black", AMD Ryzen 5 7530U 2.0GHz Processor, AMD Radeon Graphics, 16GB DDR4-3200 RAM, 1TB Solid State Drive,4.8,649.99,589.99,60.00,9%
224,ASUS Vivobook S 16 Flip TN3604YA-DS51T 2-in-1 Laptop Computer - Midnight Black, AMD Ryzen 5 7530U 2.0GHz Processor, AMD Radeon Vega 7 Graphics, 8GB DDR4 Onboard RAM, 512GB Solid State Drive,4.8,699.99,629.99,70.00,10%
225,"Dell Latitude 7430 14"" 2-in-1 Laptop Computer - Titan Gray", Intel Core i7 12th Gen 1265U 1.3GHz Processor, Intel Iris XE Graphics, 16GB DDR4-3200 RAM, 512GB Solid State Drive,4.4,0.00,779.99,0.00,0%
226,"Apple MacBook Pro MK193LL/A (Late 2021) 16.2"" Laptop Computer (Refurbished) - Space Gray", Apple M1 Pro 10-Core CPU, 16-Core GPU/16-Core Neural Engine, 16GB Unified Memory, 1TB Solid State Drive,5,2079.99,1399.99,680.00,33%
227,"Apple MacBook Air Z18T000PQ (Mid 2023) 15.3"" Laptop Computer - Midnight", Apple M2 8-Core CPU, 10-Core GPU/16-Core Neural Engine, 16GB Unified Memory, 1TB Solid State Drive,4.8,1899.99,1619.99,280.00,15%
228,"Lenovo ThinkPad P16s Gen 2 Mobile Workstation 16"" Laptop Computer - Villi Black", Intel Core i5 13th Gen 1340P 1.4GHz Processor, NVIDIA RTX A500 4GB GDDR6, 16GB LPDDR5x-7500 Onboard RAM, 512GB Solid State Drive,5,1859.99,1799.99,60.00,3%
229,"ASUS ROG Strix SCAR 17 (2023) G733PZ-XS97 17.3"" Gaming Laptop Computer Platinum Collection - Off Black", AMD Ryzen 9 7945HX 2.5GHz Processor, NVIDIA GeForce RTX 4080 12GB GDDR6, 32GB DDR5-4800 RAM, 2TB Solid State Drive,3.8,2999.99,2899.99,100.00,3%
230,"Lenovo ThinkPad P1 Gen 6 Mobile Workstation 16"" Laptop Computer - Black", Intel Core i7 13th Gen 13700H 1.8GHz Processor, NVIDIA RTX A1000 6GB GDDR6, 16GB DDR5-5600 RAM, 512GB Solid State Drive,5,2699.99,2499.99,200.00,7%
231,Razer Blade 16 RZ09-0483SEJ3-R3U1 16' Gaming Laptop Computer - Black, Intel Core i9 13th Gen 13950HX 1.6GHz Processor, NVIDIA GeForce RTX 4070 8GB GDDR6, 32GB DDR5-5600 RAM, 1TB Solid State Drive,5,3199.99,2599.99,600.00,19%
232,HP Envy x360 15-ew1055cl 2-in-1 Laptop Computer (Refurbished) - Mineral Silver Aluminum, Intel Core i5 13th Gen 1335U 1.3GHz Processor, Intel Iris Xe Graphics, 16GB DDR4 RAM, 512GB Solid State Drive,4.2,0.00,499.99,0.00,0%
233,"HP 15-fc0017ca 15.6"" Laptop Computer (Refurbished) - Natural Silver", AMD Ryzen 5 7520U 2.8GHz Processor, AMD Radeon Graphics, 16GB LPDDR5-5500 Onboard RAM, 1TB Solid State Drive,3.5,0.00,499.99,0.00,0%
234,"HP 14-fq1035cl 14"" Laptop Computer (Refurbished) - Jet Black", AMD Ryzen 7 5700U 1.8GHz Processor, AMD Radeon Graphics, 16GB DDR4-3200 RAM, 512GB Solid State Drive,4,499.99,379.99,120.00,24%
235,"Dell Latitude 7440 14"" Laptop Computer (Refurbished)", Intel Core i7 13th Gen 1365U 1.3GHz Processor, Intel Iris Xe Graphics, 16GB LPDDR5-4800 Onboard RAM, 256GB Solid State Drive,,0.00,949.99,0.00,0%
236,"HP Victus 15-fa0088ca 15.6"" Gaming Laptop Computer (Refurbished) - Mica Silver", Intel Core i5 12th Gen 12500H 2.5GHz Processor, NVIDIA GeForce RTX 3050 4GB GDDR6, 16GB DDR4-3200 RAM, 512GB Solid State Drive,4.5,0.00,629.99,0.00,0%
237,"HP 15-ef2030tg 15.6"" Laptop Computer (Refurbished) - Natural Silver", AMD Ryzen 5 5500U 2.1GHz Processor, AMD Radeon Graphics, 8GB DDR4-3200 RAM, 512GB Solid State Drive,4.4,0.00,329.99,0.00,0%
238,"HP 14-ep0063cl 14"" Laptop Computer (Refurbished) - Natural Silver", Intel Core i3 13th Gen 1315U 0.9GHz Processor, Intel UHD Graphics, 12GB DDR4-3200 RAM, 512GB Solid State Drive,4.8,399.99,329.99,70.00,18%
239,"HP ENVY 16-h0020ca 16"" Laptop Computer (Refurbished) - Silver", Intel Core i7 12th Gen 12700H 1.7GHz Processor, NVIDIA GeForce RTX 3060 6GB GDDR6, 32GB DDR5-4800 RAM, 1TB Solid State Drive,5,0.00,1049.99,0.00,0%
240,"HP Pavilion 15-eg2153cl 15.6"" Laptop Computer (Refurbished) - Silver", Intel Core i5 12th Gen 1235U 1.3GHz Processor, Intel Iris Xe Graphics, 16GB RAM, 512GB Solid State Drive,4.8,0.00,569.99,0.00,0%
242,"Lenovo ThinkPad T14 Gen 1 14"" Laptop Computer (Refurbished) - Black", Intel Core i7 10th Gen 10610U 1.8GHz Processor, Intel UHD Graphics, 16GB RAM, 256GB Solid State Drive,5,0.00,599.99,0.00,0%
243,"HP 15-dw3201ca 15.6"" Laptop Computer (Refurbished) - Jet Black", Intel Core i5 11th Gen 1135G7 2.4GHz Processor, Intel Iris Xe Graphics, 8GB DDR4-3200 RAM, 512GB Solid State Drive,5,0.00,449.99,0.00,0%
244,"ASUS ROG Strix SCAR 16 G634JY-XS97 16"" Gaming Laptop Computer - Black", Intel Core i9 13th Gen 13980HX 2.2GHz Processor, NVIDIA GeForce RTX 4090 16GB GDDR6, 32GB DDR5-4800 RAM, 1TB+1TB Solid State Drive (RAID 0),4,3699.99,3099.99,600.00,16%
245,"Dell Latitude 7430 14"" Laptop Computer (Refurbished) - Grey", Intel Core i5 12th Gen 1245U 1.6GHz Processor, Intel Iris Xe Graphics, 16GB RAM, 512GB Solid State Drive,,799.99,719.99,80.00,10%
246,"HP 17-cn2001ds 17.3"" Laptop Computer (Refurbished) - Natural Silver", Intel Core i5 12th Gen 1235U 1.3GHz Processor, Intel Iris Xe Graphics, 12GB DDR4-3200 RAM, 512GB Solid State Drive,,0.00,479.99,0.00,0%
247,"LG gram 16Z90R-A.ADB9U1 16"" Intel Evo Platform Laptop Computer - Obsidian Black", Intel Core i7 13th Gen 1360P 1.6GHz Processor, NVIDIA GeForce RTX 3050 4GB GDDR6, 32GB LPDDR5-6000 RAM, 2TB Solid State Drive,,2029.99,1829.99,200.00,10%
248,"Dell Alienware x14 R2 14"" Gaming Laptop Computer - Lunar Silver", Intel Core i7 13th Gen 13620H 1.8GHz Processor, NVIDIA GeForce RTX 4060 8GB GDDR6, 16GB LPDDR5-4800 Onboard RAM, 1TB Solid State Drive,,2299.99,1999.99,300.00,13%
249,"HP ENVY 16-h0111nr 16"" Intel Evo Platform Laptop Computer - Natural Silver", Intel Core i7 12th Gen 12700H 1.7GHz Processor, Intel Arc A370M 4GB GDDR6, 16GB DDR5-4800 RAM, 1TB Solid State Drive,,0.00,1034.99,0.00,0%
250,"Dell Precision 3000 3571 Mobile Workstation 15.6"" Laptop Computer - Gray", Intel Core i7 12th Gen 12800H 1.8GHz Processor, NVIDIA A1000 4GB GDDR6, 32GB DDR5-4800 RAM, 512GB Solid State Drive,,1549.97,1259.99,289.98,19%
251,"Apple MacBook Pro G15HLLL/A (Late 2021) 14.2"" Laptop Computer (Factory Refurbished) - Space Gray", Apple M1 Max Chip, 32-Core GPU, 64GB Unified Memory, 2TB Solid State Drive,,0.00,2099.99,0.00,0%
252,"Dell XPS 13 9315 13"" 2-in-1 Intel Evo Platform Laptop Computer - Blue", Intel Core i7 12th Gen 1250U 0.8GHz Processor, Intel Iris Xe Graphics, 16GB On-board RAM, 1TB Solid State Drive,,1649.99,1489.99,160.00,10%
253,"Dell XPS 17 9720 17"" Laptop Computer (Refurbished) - Platinum Silver", Intel Core i7 12th Gen 12700H 1.7GHz Processor, Intel Graphics, 32GB DDR5-4800 RAM, 1TB Solid State Drive,,0.00,1499.99,0.00,0%
254,"Apple MacBook Air MQKR3LL/A (Mid 2023) 15.3"" Laptop Computer - Silver", Apple M2 8-Core CPU, 10-Core GPU/16-Core Neural Engine, 8GB Unified Memory, 256GB Solid State Drive,,1299.99,1079.99,220.00,17%
255,"Samsung Galaxy Book3 15.6"" Laptop Computer - Silver", Intel Core i7 13th Gen 1360P 1.6GHz Processor, Intel Arc A350M 4GB GDDR6, 16GB LPDDR4x RAM, 512GB Solid State Drive,,1079.99,979.99,100.00,9%
256,"Apple MacBook Air MQKV3LL/A (Mid 2023) 15.3"" Laptop Computer - Starlight", Apple M2 8-Core CPU, 10-Core GPU/16-Core Neural Engine, 8GB Unified Memory, 512GB Solid State Drive,,1499.99,1259.99,240.00,16%
257,"Apple MacBook Pro MNWC3LL/A (Early 2023) 16.2"" Laptop Computer - Silver", Apple M2 Pro 12-Core CPU, 19-Core GPU/16-Core Neural Engine, 16GB Unified Memory, 512GB Solid State Drive,,0.00,1899.99,0.00,0%
258,"LG UltraPC 16U70R-K.AAS7U1 Thin and Lightweight 16"" Laptop Computer - Charcoal Gray", AMD Ryzen 7 7730U 2.0GHz Processor, AMD Radeon Vega Graphics, 16GB LPDDR4-4266 Onboard RAM, 512GB Solid State Drive,,869.99,749.99,120.00,14%
259,"Dell Precision 5470 14"" Laptop Computer (Refurbished) - Black", Intel Core i7 12th Gen 12800H 1.8GHz Processor, Intel Iris Xe Graphics, 32GB RAM, 512GB Solid State Drive,,0.00,2099.99,0.00,0%
260,"Dell Inspiron 16 5620 16.0"" Laptop Computer - Silver", Intel Core i5 12th Gen 1235U 1.3GHz Processor, Intel UHD Graphics, 8GB DDR4-3200 RAM, 512GB Solid State Drive,,0.00,539.99,0.00,0%
261,"ASUS Vivobook 17X K3704VA-DH96-S 17.3"" Laptop Computer - Cool Silver", Intel Core i9 13900H (1.9GHz) Processor, Intel Iris Xe Graphics, 16GB DDR4 RAM, 1TB Solid State Drive,,0.00,999.99,0.00,0%
262,"Microsoft Surface Laptop Go 2 12.4"" Computer - Ice Blue", Intel Core i5 11th Gen 1135G7 2.4GHz Processor, Intel Iris Xe Graphics, 8GB LPDDR4x RAM, 128GB Solid State Drive,,584.99,473.84,111.15,19%
263,"Apple MacBook Pro Z17400184 (Early 2023) 16.2"" Laptop Computer - Space Gray", Apple M2 Max 12-Core Chip, 38-Core GPU/16-Core Neural Engine, 96GB Unified Memory, 1TB Solid State Drive,,0.00,3199.99,0.00,0%
264,"Razer Blade 16 (2024) RZ09-05102EJ9-R3U1 16"" Gaming Laptop Computer - Anodized Black", Intel Core i9 14th Gen 14900HX 1.6GHz Processor, NVIDIA GeForce RTX 4090 16GB GDDR6, 64GB DDR5-5600 RAM, 2TB+2TB Solid State Drive,,0.00,4699.99,0.00,0%
265,"HP 15-ef2030ca 15.6"" Laptop Computer (Refurbished) - Silver", AMD Ryzen 7 5700U 1.8GHz Processor, AMD Radeon Graphics, 16GB DDR4-3200 RAM, 1TB Solid State Drive,4,0.00,499.99,0.00,0%
266,"Dell Precision 7780 Mobile Workstation 17.3"" Laptop Computer - Titan Gray", Intel Core i7 13th Gen 13850HX 1.5GHz Processor, NVIDIA RTX 2000 Ada 8GB GDDR6, 32GB DDR5-4800 RAM, 512GB Solid State Drive,4,3219.99,2999.99,220.00,7%
267,"Apple MacBook Pro Z1AF001AL (Late 2023) 16.2"" Laptop Computer - Space Black", Apple M3 Max 16-Core CPU, 40-Core GPU, 128GB Unified Memory, 1TB Solid State Drive,5,4999.99,4499.99,500.00,10%
268,"Apple MacBook Pro MNW83LL/A (Early 2023) 16.2"" Laptop Computer (Refurbished) - Space Gray", Apple M2 Pro 12-Core CPU, 19-Core GPU/16-Core Neural Engine, 16GB Unified Memory, 512GB Solid State Drive,4.8,2049.99,1999.99,50.00,2%
269,"Microsoft Surface Laptop Go 2 12.4"" Computer - Sandstone", Intel Core i5 11th Gen 1135G7 2.4GHz Processor, Intel Iris Xe Graphics, 8GB LPDDR4x RAM, 256GB Solid State Drive,4.5,0.00,680.99,0.00,0%
270,"Dell Latitude 5440 14"" Laptop Computer (Refurbished)", Intel Core i5 13th Gen 1345U 1.2GHz Processor, Intel Graphics, 16GB RAM, 512GB Solid State Drive,4.3,0.00,899.99,0.00,0%
271,"HP Spectre x360 16-f1023dx 16"" Intel Evo Platform 2-in-1 Laptop Computer (Refurbished) - Nightfall Black", Intel i7 12th Gen 1260P 2.1GHz Processor, Intel Arc A370M 4GB GDDR6, 16GB DDR4-3200 Onboard RAM, 1TB Solid State Drive,5,0.00,1199.99,0.00,0%
272,"Dell Inspiron 15 5515 15.6"" Laptop Computer (Refurbished) - Mist Blue", AMD Ryzen 7 5700U 1.8GHz Processor, AMD Radeon Graphics, 16GB DDR4-3200 RAM, 512GB Solid State Drive,4.8,729.99,591.29,138.70,19%
273,"Apple MacBook Pro MR7K3LL/A (Late 2023) 14.2"" Laptop Computer - Silver", Apple M3 8-Core CPU, 10-Core GPU, 8GB Unified Memory, 1TB Solid State Drive,5,1799.99,1619.99,180.00,10%
274,"HP Spectre x360 16-f2013dx 16"" Intel Evo Platform 2-in-1 Laptop Computer (Refurbished) - Nightfall Black", Intel Core i7 13th Gen 13700H 1.8GHz Processor, Intel Iris Xe Graphics, 16GB DDR4-3200 RAM, 512GB Solid State Drive,5,0.00,999.99,0.00,0%
275,"Apple MacBook Pro MUW73LL/A (Late 2023) 16.2"" Laptop Computer - Silver", Apple M3 Max 16-Core CPU, 40-Core GPU, 48GB Unified Memory, 1TB Solid State Drive,5,3999.99,3599.99,400.00,10%
276,"MSI Pulse 15 B13VFK-280US 15.6"" Gaming Laptop Computer Platinum Collection - Black", Intel Core i7 13th Gen 13700H 1.8GHz Processor, NVIDIA GeForce RTX 4060 8GB GDDR6, 16GB DDR5-5200 RAM, 1TB Solid State Drive,4.4,1499.99,1299.99,200.00,13%
277,"HP Pavilion 15-eh2097nr 15.6"" Laptop Computer (Refurbished) - Silver", AMD Ryzen 7 5825U 2.0GHz Processor, AMD Radeon Graphics, 16GB DDR4-3200 RAM, 512GB Solid State Drive,4.5,0.00,599.99,0.00,0%
278,HP ENVY x360 15-ey00023dx 2-in-1 Laptop Computer (Refurbished) - Nightfall Black, AMD Ryzen 7 5825U 2.0GHz Processor, AMD Radeon Graphics, 12GB RAM, 512GB Solid State Drive,4.3,0.00,599.99,0.00,0%
279,"MSI Summit E14 Flip Evo A13MT-268US 14"" Commercial Laptop Computer - Ink Black", Intel Core i7 13th Gen 1360P 1.6GHz Processor, Intel Iris Xe Graphics, 32GB LPDDR5-4800 RAM, 1TB Solid State Drive,5,0.00,1349.99,0.00,0%
280,"Microsoft Surface Laptop Studio 14.4"" 2-in-1 Laptop Computer - Platinum", Intel Core 11th Gen H35 i5-11300H 2.60GHz Processor, Intel Iris Xe Graphics, 16GB LPDDR4x RAM, 256GB Solid State Drive,4.8,0.00,1349.99,0.00,0%
281,"HP OMEN 16-k0033dx 16.1"" Gaming Laptop Computer (Refurbished) - Shadow Black", Intel Core i9 12th Gen 12900H 1.8GHz Processor, NVIDIA GeForce RTx 3060 6GB GDDR6, 16GB DDR5-4800 RAM, 1TB Solid State Drive,4.5,0.00,949.99,0.00,0%
282,"Dell Latitude 5431 14"" Laptop Computer (Refurbished) - Gray", Intel Core i7 12th Gen 1270p 1.6GHz Processor, Intel Iris Xe Graphics, 16GB RAM, 256GB Solid State Drive,5,499.99,449.99,50.00,10%
283,"HP Spectre x360 14-ef0010ca 13.5"" Intel Evo Platform 2-in-1 Laptop Computer (Refurbished) - Natural Silver", Intel Core i5 12th Gen 1235U 1.3GHz Processor, Intel Iris Xe Graphics, 16GB LPDDR4x-4266 Onboard RAM, 512GB Solid State Drive,4,0.00,699.99,0.00,0%
284,"ASUS TUF Gaming A16 Advantage Edition FA617XT-CS94 16"" Laptop Computer - Sandstorm", AMD Ryzen 9 7940HS 4.0GHz Processor, AMD Radeon RX 7700S 8GB GDDR6, 16GB DDR5-4800 RAM, 1TB Solid State Drive,4.1,1429.99,1099.99,330.00,23%
285,"Apple MacBook Pro MR7J3LL/A (Late 2023) 14.2"" Laptop Computer - Silver", Apple M3 8-Core CPU, 10-Core GPU, 8GB Unified Memory, 512GB Solid State Drive,5,1599.99,1439.99,160.00,10%
286,"HP ENVY x360 Convertible 15-eu1073cl 15.6"" 2-in-1 Laptop Computer (Refurbished) - Black", AMD Ryzen 7 5825U 2.0GHz Processor, AMD Radeon Graphics, 16GB DDR4-3200 RAM, 512GB Solid State Drive,5,0.00,679.99,0.00,0%
287,"Dell Precision 15 3570 Mobile Workstation 15.6"" Laptop Computer (Refurbished) - Titan Gray", Intel Core i7 12th Gen 1265U 1.3GHz Processor, NVIDIA T550 Graphics 4GB GDDR6, 16GB DDR5-4800 RAM, 256GB Solid State Drive,3.7,999.99,749.99,250.00,25%
288,"Dell Latitude 7430 14"" Laptop Computer (Refurbished) - Carbon Fiber", Intel Core i7 12th Gen 1265U 1.3GHz Processor, Intel Iris Xe Graphics, 32GB RAM, 512GB Solid State Drive,5,849.99,688.49,161.50,19%
289,"ASUS Zenbook UX393JA-XB77T 13.9"" Laptop Computer (Refurbished) - Black", Intel Core i7 10th Gen 1065G7 1.3GHz Processor, Intel Iris Plus Graphics, 16GB LPDDR4X RAM, 1TB Solid State Drive,3.5,769.49,623.29,146.20,19%
290,"Dell Alienware x16 R1 16"" Gaming Laptop Computer - Lunar Silver", Intel Core i9 13th Gen 13900HK 1.9GHz Processor, NVIDIA GeForce RTX 4080 12GB GDDR6, 32GB LPDDR5-6000 RAM, 1TB Solid State Drive,4.9,3599.99,2599.99,1000.00,28%
291,"HP 15-dw4145cl 15.6"" Laptop Computer (Refurbished) - Natural Silver", Intel Core i5 12th Gen 1235U 1.3GHz Processor, Intel Iris Xe Graphics, 12GB DDR4-3200 RAM, 1TB Solid State Drive,,499.99,399.99,100.00,20%
292,"HP ENVY x360 14-es0000ca 14"" 2-in-1 Laptop Computer (Refurbished) - Natural Silver", Intel Core i7 13th Gen 1355U 1.2GHz Processor, Intel Iris Xe Graphics, 16GB DDR4-3200 Onboard RAM, 1TB Solid State Drive,,0.00,699.99,0.00,0%
293,"LG gram 15Z90R-P.ADS9U1 15.6"" Laptop Computer - Charcoal Gray", Intel Core i7 13th Gen 1360P 1.6GHz Processor, Intel Iris Xe Graphics, 32GB LPDDR5-6000 RAM, 1TB Solid State Drive,,0.00,1689.99,0.00,0%
294,"MSI Raider GE78HX 13VI-086US 17"" Gaming Laptop Computer - Dark Grey", Intel Core i9 13th Gen 13950HX 1.6GHz Processor, NVIDIA GeForce RTX 4090 16GB GDDR6, 64GB DDR5-5200 RAM, 2TB Solid State Drive,,3999.99,3699.99,300.00,8%
295,"HP 15-ef1083od 15.6"" Laptop Computer (Refurbished) - Silver", AMD Ryzen 7 5700U 1.8GHz Processor, AMD Radeon Graphics, 16GB DDR4-3200 RAM, 256GB Solid State Drive,,494.99,400.94,94.05,19%
296,"ASUS ExpertBook B9 OLED B9403CVA-XVE77 14"" Commercial Laptop Computer - Star Black", Intel Core i7 13th Gen 1355U 1.2GHz Processor, Intel Iris Xe Graphics, 32GB LPDDR5 Onboard RAM, 2TB Solid State Drive,,2439.99,1999.99,440.00,18%
297,"ASUS ExpertBook B2 B2502CVA-XVE75 15.6"" Commercial Laptop Computer - Star Black", Intel Core i7 13th Gen 1360P 1.6GHz Processor, Intel Iris Xe Graphics, 16GB DDR4 RAM, 1TB Solid State Drive,,1399.99,1099.99,300.00,21%
298,"Apple MacBook Pro MNEJ3LL/A (mid 2022) 13.3"" Laptop Computer - Space Gray", Apple M2 8-Core CPU, 10-Core GPU/16-Core Neural Engine, 8GB Unified Memory, 512GB Solid State Drive,,0.00,1249.99,0.00,0%
299,"ASUS ExpertBook B2 B2502CVA-XVE54 15.6"" Commercial Laptop Computer - Star Black", Intel Core i5 1340P 1.4GHz Processor, Intel Iris Xe Graphics, 16GB DDR4 RAM, 512GB Solid State Drive,,1199.99,999.99,200.00,17%
